src,title,description,subject
20250824_1.jpeg,ますかるのゆあ ふるふるる,鏡越しでの撮影。背面と正面を同時に写しました。,ふみ(恋予知♡みらーじゅ)
20250824_2.jpeg,昼下がりのお嬢様,手前の被写体と、奥の庭園の空間的な広がりを表現しました。,ふみ(恋予知♡みらーじゅ)
20250824_3.webp,出口のないオリオン座,絞りを開放して手前の鉄格子を思い切りボケさせられたのがお気に入り。,華乃井かほ(Glim Assembler)
20250824_4.webp,ガラスの靴,この日いちばんの傑作。奇跡の一枚（当社比）,華乃井かほ(Glim Assembler)
20250824_5.webp,犬派ですか？猫派ですか？,奥のソファ、なんか肉球に見えませんか？,華乃井かほ(Glim Assembler)
20250824_6.webp,深窓の令嬢,箱入りお嬢様は外に何を見ているのでしょう。,華乃井かほ(Glim Assembler)
20250824_7.webp,レイニードロップス,なんだか涙にも見えるなーって思います。,華乃井かほ(Glim Assembler)
20250914_1.webp,愛の込もったkahoビームで,ライブ感出していこう！って当人から言われてオタクの映り込みマシマシにしました。,華乃井かほ(Glim Assembler)
20250914_2.webp,今なんだ,やり切った感あふれる表情が大変良い,小島ももな(Glim Assembler)
20250914_3.webp,悪ガキ,めっちゃ悪そうな顔してて最高,鈴音かな(Glim Assembler)
20250927_1.jpeg,きゅるりん、してみて？,しょこるみらーじゅの推定ベストショット,ふみ(恋予知♡みらーじゅ)
20250927_2.webp,一生一緒,サマーチョコレートではなく＋もしもしダーリン♡,ふみつむぎ(しょこるみらーじゅ)
20250927_1.jpg,きゅるりん、してみて？,しょこるみらーじゅの推定ベストショット,ふみ(恋予知♡みらーじゅ)
